line_no,line_intensity,x_positions,y_positions,frame,x_posR,y_posR
0,0.7602156893308236,154,204,1,154,204
0,0.7602156893308236,155,205,1,155,205
0,0.7602156893308236,155,206,1,155,206
0,0.7602156893308236,156,207,1,156,207
0,0.7602156893308236,156,208,1,156,208
0,0.7602156893308236,157,209,1,157,209
0,0.7602156893308236,157,210,1,157,210
0,0.7602156893308236,158,211,1,158,211
0,0.7602156893308236,158,212,1,158,212
0,0.7602156893308236,159,213,1,159,213
0,0.7602156893308236,160,214,1,160,214
0,0.7602156893308236,161,215,1,161,215
0,0.7602156893308236,161,216,1,161,216
0,0.7602156893308236,162,217,1,162,217
0,0.7602156893308236,162,218,1,162,218
0,0.7602156893308236,163,219,1,163,219
0,0.7602156893308236,163,220,1,163,220
0,0.7602156893308236,164,221,1,164,221
0,0.7602156893308236,164,222,1,164,222
0,0.7602156893308236,165,223,1,165,223
0,0.7602156893308236,165,224,1,165,224
0,0.7602156893308236,166,225,1,166,225
0,0.7602156893308236,166,226,1,166,226
0,0.7602156893308236,167,227,1,167,227
0,0.7602156893308236,167,228,1,167,228
0,0.7602156893308236,168,229,1,168,229
0,0.7602156893308236,169,230,1,169,230
0,0.7602156893308236,169,231,1,169,231
0,0.7602156893308236,170,232,1,170,232
0,0.7602156893308236,170,233,1,170,233
0,0.7602156893308236,171,234,1,171,234
0,0.7602156893308236,171,235,1,171,235
0,0.7602156893308236,172,236,1,172,236
0,0.7602156893308236,172,237,1,172,237
0,0.7602156893308236,173,238,1,173,238
0,0.7602156893308236,173,239,1,173,239
0,0.7602156893308236,174,240,1,174,240
0,0.7602156893308236,174,241,1,174,241
0,0.7602156893308236,175,242,1,175,242
0,0.7602156893308236,175,243,1,175,243
0,0.7602156893308236,176,244,1,176,244
0,0.7602156893308236,176,245,1,176,245
0,0.7602156893308236,177,246,1,177,246
0,0.7602156893308236,178,247,1,178,247
0,0.7602156893308236,178,248,1,178,248
0,0.7602156893308236,179,249,1,179,249
0,0.7602156893308236,179,250,1,179,250
0,0.7602156893308236,180,251,1,180,251
0,0.7602156893308236,180,252,1,180,252
0,0.7602156893308236,181,253,1,181,253
0,0.7602156893308236,181,254,1,181,254
0,0.7602156893308236,182,255,1,182,255
0,0.7602156893308236,182,256,1,182,256
0,0.7602156893308236,183,257,1,183,257
0,0.7602156893308236,183,258,1,183,258
0,0.7602156893308236,184,259,1,184,259
0,0.7602156893308236,184,260,1,184,260
0,0.7602156893308236,185,261,1,185,261
0,0.7602156893308236,186,262,1,186,262
0,0.7602156893308236,186,263,1,186,263
0,0.7602156893308236,187,264,1,187,264
0,0.7602156893308236,187,265,1,187,265
0,0.7602156893308236,188,266,1,188,266
0,0.7602156893308236,188,267,1,188,267
0,0.7602156893308236,189,268,1,189,268
0,0.7602156893308236,189,269,1,189,269
0,0.7602156893308236,190,270,1,190,270
0,0.7602156893308236,190,271,1,190,271
0,0.7602156893308236,191,272,1,191,272
0,0.7602156893308236,191,273,1,191,273
0,0.7602156893308236,192,274,1,192,274
0,0.7602156893308236,192,275,1,192,275
0,0.7602156893308236,193,276,1,193,276
0,0.7602156893308236,193,277,1,193,277
0,0.7602156893308236,194,278,1,194,278
0,0.7602156893308236,195,279,1,195,279
0,0.7602156893308236,195,280,1,195,280
0,0.7602156893308236,196,281,1,196,281
0,0.7602156893308236,196,282,1,196,282
0,0.7602156893308236,197,283,1,197,283
0,0.7602156893308236,197,284,1,197,284
0,0.7602156893308236,198,285,1,198,285
0,0.7602156893308236,198,286,1,198,286
0,0.7602156893308236,199,287,1,199,287
0,0.7602156893308236,199,288,1,199,288
0,0.7602156893308236,200,289,1,200,289
0,0.7602156893308236,200,290,1,200,290
0,0.7602156893308236,201,291,1,201,291
0,0.7602156893308236,201,292,1,201,292
0,0.7602156893308236,202,293,1,202,293
0,0.7602156893308236,203,294,1,203,294
0,0.7602156893308236,203,295,1,203,295
0,0.7602156893308236,204,296,1,204,296
0,0.7602156893308236,204,297,1,204,297
0,0.7602156893308236,205,298,1,205,298
0,0.7602156893308236,205,299,1,205,299
0,0.7602156893308236,206,300,1,206,300
0,0.7602156893308236,206,301,1,206,301
0,0.7602156893308236,207,302,1,207,302
0,0.7602156893308236,207,303,1,207,303
0,0.7602156893308236,208,304,1,208,304
0,0.7602156893308236,208,305,1,208,305
0,0.7602156893308236,209,306,1,209,306
0,0.7602156893308236,209,307,1,209,307
0,0.7602156893308236,210,308,1,210,308
0,0.7602156893308236,211,309,1,211,309
0,0.7602156893308236,211,310,1,211,310
0,0.7602156893308236,212,311,1,212,311
0,0.7602156893308236,212,312,1,212,312
0,0.7602156893308236,213,313,1,213,313
0,0.7602156893308236,213,314,1,213,314
0,0.7602156893308236,214,315,1,214,315
0,0.7602156893308236,214,316,1,214,316
0,0.7602156893308236,215,317,1,215,317
0,0.7602156893308236,215,318,1,215,318
0,0.7602156893308236,216,319,1,216,319
0,0.7602156893308236,216,320,1,216,320
0,0.7602156893308236,217,321,1,217,321
0,0.7602156893308236,217,322,1,217,322
0,0.7602156893308236,218,323,1,218,323
0,0.7602156893308236,218,324,1,218,324
0,0.7602156893308236,219,325,1,219,325
0,0.7602156893308236,220,326,1,220,326
0,0.7602156893308236,220,327,1,220,327
0,0.7602156893308236,221,328,1,221,328
0,0.7602156893308236,221,329,1,221,329
0,0.7602156893308236,222,330,1,222,330
0,0.7602156893308236,222,331,1,222,331
0,0.7602156893308236,223,332,1,223,332
0,0.7602156893308236,223,333,1,223,333
0,0.7602156893308236,224,334,1,224,334
0,0.7602156893308236,224,335,1,224,335
0,0.7602156893308236,225,336,1,225,336
0,0.7602156893308236,225,337,1,225,337
0,0.7602156893308236,226,338,1,226,338
0,0.7602156893308236,226,339,1,226,339
0,0.7602156893308236,227,340,1,227,340
0,0.7602156893308236,228,341,1,228,341
0,0.7602156893308236,228,342,1,228,342
0,0.7602156893308236,229,343,1,229,343
0,0.7602156893308236,229,344,1,229,344
0,0.7602156893308236,230,345,1,230,345
0,0.7602156893308236,230,346,1,230,346
0,0.7602156893308236,231,347,1,231,347
0,0.7602156893308236,231,348,1,231,348
0,0.7602156893308236,232,349,1,232,349
0,0.7602156893308236,232,350,1,232,350
0,0.7602156893308236,233,351,1,233,351
0,0.7602156893308236,233,352,1,233,352
0,0.7602156893308236,234,353,1,234,353
0,0.7602156893308236,234,354,1,234,354
0,0.7602156893308236,235,355,1,235,355
0,0.7602156893308236,235,356,1,235,356
0,0.7602156893308236,236,357,1,236,357
0,0.7602156893308236,237,358,1,237,358
0,0.7602156893308236,237,359,1,237,359
0,0.7602156893308236,238,360,1,238,360
0,0.7602156893308236,238,361,1,238,361
0,0.7602156893308236,239,362,1,239,362
0,0.7602156893308236,239,363,1,239,363
0,0.7602156893308236,240,364,1,240,364
0,0.7602156893308236,240,365,1,240,365
0,0.7602156893308236,241,366,1,241,366
0,0.7602156893308236,241,367,1,241,367
0,0.7602156893308236,242,368,1,242,368
0,0.7602156893308236,242,369,1,242,369
0,0.7602156893308236,243,370,1,243,370
0,0.7602156893308236,243,371,1,243,371
0,0.7602156893308236,244,372,1,244,372
0,0.7602156893308236,245,373,1,245,373
0,0.7602156893308236,245,374,1,245,374
0,0.7602156893308236,246,375,1,246,375
0,0.7602156893308236,246,376,1,246,376
0,0.7602156893308236,247,377,1,247,377
0,0.7602156893308236,247,378,1,247,378
0,0.7602156893308236,248,379,1,248,379
0,0.7602156893308236,248,380,1,248,380
0,0.7602156893308236,249,381,1,249,381
0,0.7602156893308236,249,382,1,249,382
0,0.7602156893308236,250,383,1,250,383
0,0.7602156893308236,250,384,1,250,384
0,0.7602156893308236,251,385,1,251,385
0,0.7602156893308236,251,386,1,251,386
0,0.7602156893308236,252,387,1,252,387
0,0.7602156893308236,252,388,1,252,388
0,0.7602156893308236,253,389,1,253,389
0,0.7602156893308236,254,390,1,254,390
0,0.7602156893308236,254,391,1,254,391
0,0.7602156893308236,255,392,1,255,392
0,0.7602156893308236,255,393,1,255,393
0,0.7602156893308236,256,394,1,256,394
0,0.7602156893308236,256,395,1,256,395
0,0.7602156893308236,257,396,1,257,396
0,0.7602156893308236,257,397,1,257,397
0,0.7602156893308236,258,398,1,258,398
0,0.7602156893308236,258,399,1,258,399
0,0.7602156893308236,259,400,1,259,400
0,0.7602156893308236,259,401,1,259,401
0,0.7602156893308236,260,402,1,260,402
0,0.7602156893308236,260,403,1,260,403
0,0.7602156893308236,261,404,1,261,404
0,0.7602156893308236,262,405,1,262,405
0,0.7602156893308236,262,406,1,262,406
0,0.7602156893308236,263,407,1,263,407
0,0.7602156893308236,263,408,1,263,408
0,0.7602156893308236,264,409,1,264,409
0,0.7602156893308236,264,410,1,264,410
0,0.7602156893308236,265,411,1,265,411
0,0.7602156893308236,265,412,1,265,412
0,0.7602156893308236,266,413,1,266,413
0,0.7602156893308236,266,414,1,266,414
0,0.7602156893308236,267,415,1,267,415
0,0.7602156893308236,267,416,1,267,416
0,0.7602156893308236,268,417,1,268,417
0,0.7602156893308236,268,418,1,268,418
0,0.7602156893308236,269,419,1,269,419
0,0.7602156893308236,270,420,1,270,420
0,0.7602156893308236,270,421,1,270,421
0,0.7602156893308236,271,422,1,271,422
0,0.7602156893308236,271,423,1,271,423
0,0.7602156893308236,272,424,1,272,424
0,0.7602156893308236,272,425,1,272,425
0,0.7602156893308236,273,426,1,273,426
0,0.7602156893308236,273,427,1,273,427
0,0.7602156893308236,274,428,1,274,428
0,0.7602156893308236,274,429,1,274,429
0,0.7602156893308236,275,430,1,275,430
0,0.7602156893308236,275,431,1,275,431
0,0.7602156893308236,276,432,1,276,432
0,0.7602156893308236,276,433,1,276,433
0,0.7602156893308236,277,434,1,277,434
0,0.7602156893308236,277,435,1,277,435
0,0.7602156893308236,278,436,1,278,436
0,0.7602156893308236,279,437,1,279,437
0,0.7602156893308236,279,438,1,279,438
0,0.7602156893308236,280,439,1,280,439
0,0.7602156893308236,280,440,1,280,440
0,0.7602156893308236,281,441,1,281,441
0,0.7602156893308236,281,442,1,281,442
0,0.7602156893308236,282,443,1,282,443
0,0.7602156893308236,282,444,1,282,444
0,0.7602156893308236,283,445,1,283,445
0,0.7602156893308236,283,446,1,283,446
0,0.7602156893308236,284,447,1,284,447
0,0.7602156893308236,284,448,1,284,448
0,0.7602156893308236,285,449,1,285,449
0,0.7602156893308236,285,450,1,285,450
0,0.7602156893308236,286,451,1,286,451
0,0.7602156893308236,287,452,1,287,452
0,0.7602156893308236,287,453,1,287,453
0,0.7602156893308236,288,454,1,288,454
0,0.7602156893308236,288,455,1,288,455
0,0.7602156893308236,289,456,1,289,456
0,0.7602156893308236,289,457,1,289,457
0,0.7602156893308236,290,458,1,290,458
0,0.7602156893308236,290,459,1,290,459
0,0.7602156893308236,291,460,1,291,460
0,0.7602156893308236,291,461,1,291,461
0,0.7602156893308236,292,462,1,292,462
0,0.7602156893308236,292,463,1,292,463
0,0.7602156893308236,293,464,1,293,464
0,0.7602156893308236,293,465,1,293,465
0,0.7602156893308236,294,466,1,294,466
0,0.7602156893308236,294,467,1,294,467
0,0.7602156893308236,295,468,1,295,468
0,0.7602156893308236,296,469,1,296,469
0,0.7602156893308236,296,470,1,296,470
0,0.7602156893308236,297,471,1,297,471
0,0.7602156893308236,297,472,1,297,472
0,0.7602156893308236,298,473,1,298,473
0,0.7602156893308236,298,474,1,298,474
0,0.7602156893308236,299,475,1,299,475
0,0.7602156893308236,299,476,1,299,476
0,0.7602156893308236,300,477,1,300,477
0,0.7602156893308236,300,478,1,300,478
0,0.7602156893308236,301,479,1,301,479
0,0.7602156893308236,301,480,1,301,480
0,0.7602156893308236,302,481,1,302,481
0,0.7602156893308236,302,482,1,302,482
0,0.7602156893308236,303,483,1,303,483
1,0.5409901471865485,278,381,1,278,381
1,0.5409901471865485,278,382,1,278,382
1,0.5409901471865485,277,383,1,277,383
1,0.5409901471865485,277,384,1,277,384
1,0.5409901471865485,277,385,1,277,385
1,0.5409901471865485,276,386,1,276,386
1,0.5409901471865485,276,387,1,276,387
1,0.5409901471865485,276,388,1,276,388
1,0.5409901471865485,275,389,1,275,389
1,0.5409901471865485,275,390,1,275,390
1,0.5409901471865485,275,391,1,275,391
1,0.5409901471865485,274,392,1,274,392
1,0.5409901471865485,274,393,1,274,393
1,0.5409901471865485,274,394,1,274,394
1,0.5409901471865485,273,395,1,273,395
1,0.5409901471865485,273,396,1,273,396
1,0.5409901471865485,273,397,1,273,397
1,0.5409901471865485,272,398,1,272,398
1,0.5409901471865485,272,399,1,272,399
1,0.5409901471865485,272,400,1,272,400
1,0.5409901471865485,271,401,1,271,401
1,0.5409901471865485,271,402,1,271,402
1,0.5409901471865485,271,403,1,271,403
1,0.5409901471865485,270,404,1,270,404
1,0.5409901471865485,270,405,1,270,405
1,0.5409901471865485,270,406,1,270,406
1,0.5409901471865485,269,407,1,269,407
1,0.5409901471865485,269,408,1,269,408
1,0.5409901471865485,269,409,1,269,409
1,0.5409901471865485,268,410,1,268,410
1,0.5409901471865485,268,411,1,268,411
1,0.5409901471865485,268,412,1,268,412
1,0.5409901471865485,267,413,1,267,413
1,0.5409901471865485,267,414,1,267,414
1,0.5409901471865485,267,415,1,267,415
1,0.5409901471865485,266,416,1,266,416
1,0.5409901471865485,266,417,1,266,417
1,0.5409901471865485,265,418,1,265,418
1,0.5409901471865485,265,419,1,265,419
1,0.5409901471865485,265,420,1,265,420
1,0.5409901471865485,264,421,1,264,421
1,0.5409901471865485,264,422,1,264,422
1,0.5409901471865485,263,423,1,263,423
1,0.5409901471865485,263,424,1,263,424
1,0.5409901471865485,263,425,1,263,425
1,0.5409901471865485,262,426,1,262,426
1,0.5409901471865485,262,427,1,262,427
1,0.5409901471865485,261,428,1,261,428
1,0.5409901471865485,261,429,1,261,429
1,0.5409901471865485,260,430,1,260,430
1,0.5409901471865485,260,431,1,260,431
1,0.5409901471865485,259,432,1,259,432
1,0.5409901471865485,258,433,1,258,433
1,0.5409901471865485,258,434,1,258,434
1,0.5409901471865485,257,435,1,257,435
1,0.5409901471865485,256,435,1,256,435
1,0.5409901471865485,255,436,1,255,436
1,0.5409901471865485,254,437,1,254,437
1,0.5409901471865485,253,437,1,253,437
1,0.5409901471865485,252,437,1,252,437
1,0.5409901471865485,251,438,1,251,438
1,0.5409901471865485,250,438,1,250,438
1,0.5409901471865485,249,438,1,249,438
1,0.5409901471865485,248,438,1,248,438
1,0.5409901471865485,247,438,1,247,438
1,0.5409901471865485,246,439,1,246,439
1,0.5409901471865485,245,439,1,245,439
1,0.5409901471865485,244,439,1,244,439
1,0.5409901471865485,243,439,1,243,439
1,0.5409901471865485,242,439,1,242,439
1,0.5409901471865485,241,439,1,241,439
1,0.5409901471865485,240,439,1,240,439
1,0.5409901471865485,239,439,1,239,439
1,0.5409901471865485,238,439,1,238,439
1,0.5409901471865485,237,439,1,237,439
1,0.5409901471865485,236,439,1,236,439
1,0.5409901471865485,235,439,1,235,439
1,0.5409901471865485,234,439,1,234,439
1,0.5409901471865485,233,439,1,233,439
1,0.5409901471865485,232,439,1,232,439
2,0.500433434952326,226,390,1,226,390
2,0.500433434952326,227,390,1,227,390
2,0.500433434952326,228,390,1,228,390
2,0.500433434952326,229,391,1,229,391
2,0.500433434952326,230,391,1,230,391
2,0.500433434952326,231,391,1,231,391
2,0.500433434952326,232,391,1,232,391
2,0.500433434952326,233,391,1,233,391
2,0.500433434952326,234,392,1,234,392
2,0.500433434952326,235,392,1,235,392
2,0.500433434952326,236,392,1,236,392
2,0.500433434952326,237,392,1,237,392
2,0.500433434952326,238,392,1,238,392
2,0.500433434952326,239,393,1,239,393
2,0.500433434952326,240,393,1,240,393
2,0.500433434952326,241,393,1,241,393
2,0.500433434952326,242,393,1,242,393
2,0.500433434952326,243,393,1,243,393
2,0.500433434952326,244,394,1,244,394
2,0.500433434952326,245,394,1,245,394
2,0.500433434952326,246,394,1,246,394
2,0.500433434952326,247,394,1,247,394
2,0.500433434952326,248,394,1,248,394
2,0.500433434952326,249,395,1,249,395
2,0.500433434952326,250,395,1,250,395
2,0.500433434952326,251,395,1,251,395
2,0.500433434952326,252,395,1,252,395
2,0.500433434952326,253,395,1,253,395
2,0.500433434952326,254,395,1,254,395
2,0.500433434952326,255,395,1,255,395
2,0.500433434952326,256,395,1,256,395
2,0.500433434952326,257,395,1,257,395
2,0.500433434952326,258,396,1,258,396
2,0.500433434952326,259,396,1,259,396
2,0.500433434952326,260,396,1,260,396
2,0.500433434952326,261,396,1,261,396
2,0.500433434952326,262,396,1,262,396
2,0.500433434952326,263,396,1,263,396
2,0.500433434952326,264,396,1,264,396
2,0.500433434952326,265,396,1,265,396
2,0.500433434952326,266,396,1,266,396
2,0.500433434952326,267,396,1,267,396
2,0.500433434952326,268,396,1,268,396
2,0.500433434952326,269,396,1,269,396
2,0.500433434952326,270,396,1,270,396
2,0.500433434952326,271,396,1,271,396
2,0.500433434952326,272,396,1,272,396
2,0.500433434952326,273,396,1,273,396
2,0.500433434952326,274,397,1,274,397
2,0.500433434952326,275,397,1,275,397
2,0.500433434952326,276,397,1,276,397
2,0.500433434952326,277,397,1,277,397
2,0.500433434952326,278,397,1,278,397
2,0.500433434952326,279,397,1,279,397
2,0.500433434952326,280,397,1,280,397
2,0.500433434952326,281,397,1,281,397
2,0.500433434952326,282,397,1,282,397
3,0.5465517201241088,191,227,1,191,227
3,0.5465517201241088,191,228,1,191,228
3,0.5465517201241088,191,229,1,191,229
3,0.5465517201241088,191,230,1,191,230
3,0.5465517201241088,190,231,1,190,231
3,0.5465517201241088,190,232,1,190,232
3,0.5465517201241088,190,233,1,190,233
3,0.5465517201241088,190,234,1,190,234
3,0.5465517201241088,190,235,1,190,235
3,0.5465517201241088,190,236,1,190,236
3,0.5465517201241088,190,237,1,190,237
3,0.5465517201241088,190,238,1,190,238
3,0.5465517201241088,189,239,1,189,239
3,0.5465517201241088,189,240,1,189,240
3,0.5465517201241088,189,241,1,189,241
3,0.5465517201241088,189,242,1,189,242
3,0.5465517201241088,189,243,1,189,243
3,0.5465517201241088,189,244,1,189,244
3,0.5465517201241088,189,245,1,189,245
3,0.5465517201241088,188,246,1,188,246
3,0.5465517201241088,188,247,1,188,247
3,0.5465517201241088,188,248,1,188,248
3,0.5465517201241088,188,249,1,188,249
3,0.5465517201241088,188,250,1,188,250
3,0.5465517201241088,188,251,1,188,251
3,0.5465517201241088,188,252,1,188,252
3,0.5465517201241088,187,253,1,187,253
3,0.5465517201241088,187,254,1,187,254
3,0.5465517201241088,187,255,1,187,255
3,0.5465517201241088,187,256,1,187,256
3,0.5465517201241088,187,257,1,187,257
3,0.5465517201241088,187,258,1,187,258
3,0.5465517201241088,187,259,1,187,259
3,0.5465517201241088,187,260,1,187,260
3,0.5465517201241088,186,261,1,186,261
3,0.5465517201241088,186,262,1,186,262
3,0.5465517201241088,186,263,1,186,263
3,0.5465517201241088,186,264,1,186,264
3,0.5465517201241088,186,265,1,186,265
3,0.5465517201241088,186,266,1,186,266
3,0.5465517201241088,186,267,1,186,267
3,0.5465517201241088,185,268,1,185,268
3,0.5465517201241088,185,269,1,185,269
3,0.5465517201241088,185,270,1,185,270
3,0.5465517201241088,185,271,1,185,271
3,0.5465517201241088,185,272,1,185,272
3,0.5465517201241088,185,273,1,185,273
3,0.5465517201241088,185,274,1,185,274
3,0.5465517201241088,185,275,1,185,275
3,0.5465517201241088,184,276,1,184,276
3,0.5465517201241088,184,277,1,184,277
3,0.5465517201241088,184,278,1,184,278
3,0.5465517201241088,184,279,1,184,279
3,0.5465517201241088,184,280,1,184,280
3,0.5465517201241088,184,281,1,184,281
3,0.5465517201241088,184,282,1,184,282
3,0.5465517201241088,183,283,1,183,283
3,0.5465517201241088,183,284,1,183,284
3,0.5465517201241088,183,285,1,183,285
3,0.5465517201241088,183,286,1,183,286
3,0.5465517201241088,183,287,1,183,287
3,0.5465517201241088,183,288,1,183,288
3,0.5465517201241088,183,289,1,183,289
3,0.5465517201241088,183,290,1,183,290
3,0.5465517201241088,182,291,1,182,291
3,0.5465517201241088,182,292,1,182,292
3,0.5465517201241088,182,293,1,182,293
3,0.5465517201241088,182,294,1,182,294
3,0.5465517201241088,182,295,1,182,295
3,0.5465517201241088,182,296,1,182,296
3,0.5465517201241088,182,297,1,182,297
3,0.5465517201241088,181,298,1,181,298
3,0.5465517201241088,181,299,1,181,299
3,0.5465517201241088,181,300,1,181,300
3,0.5465517201241088,181,301,1,181,301
3,0.5465517201241088,181,302,1,181,302
3,0.5465517201241088,181,303,1,181,303
3,0.5465517201241088,181,304,1,181,304
3,0.5465517201241088,181,305,1,181,305
3,0.5465517201241088,180,306,1,180,306
3,0.5465517201241088,180,307,1,180,307
3,0.5465517201241088,180,308,1,180,308
3,0.5465517201241088,180,309,1,180,309
3,0.5465517201241088,180,310,1,180,310
3,0.5465517201241088,180,311,1,180,311
3,0.5465517201241088,180,312,1,180,312
3,0.5465517201241088,180,313,1,180,313
3,0.5465517201241088,179,314,1,179,314
3,0.5465517201241088,179,315,1,179,315
3,0.5465517201241088,179,316,1,179,316
3,0.5465517201241088,179,317,1,179,317
3,0.5465517201241088,179,318,1,179,318
3,0.5465517201241088,179,319,1,179,319
3,0.5465517201241088,179,320,1,179,320
3,0.5465517201241088,178,321,1,178,321
3,0.5465517201241088,178,322,1,178,322
3,0.5465517201241088,178,323,1,178,323
3,0.5465517201241088,178,324,1,178,324
3,0.5465517201241088,178,325,1,178,325
3,0.5465517201241088,178,326,1,178,326
3,0.5465517201241088,178,327,1,178,327
3,0.5465517201241088,178,328,1,178,328
3,0.5465517201241088,177,329,1,177,329
3,0.5465517201241088,177,330,1,177,330
3,0.5465517201241088,177,331,1,177,331
3,0.5465517201241088,177,332,1,177,332
3,0.5465517201241088,177,333,1,177,333
3,0.5465517201241088,177,334,1,177,334
3,0.5465517201241088,177,335,1,177,335
3,0.5465517201241088,177,336,1,177,336
3,0.5465517201241088,176,337,1,176,337
3,0.5465517201241088,176,338,1,176,338
3,0.5465517201241088,176,339,1,176,339
3,0.5465517201241088,176,340,1,176,340
3,0.5465517201241088,176,341,1,176,341
3,0.5465517201241088,176,342,1,176,342
3,0.5465517201241088,176,343,1,176,343
3,0.5465517201241088,176,344,1,176,344
3,0.5465517201241088,175,345,1,175,345
3,0.5465517201241088,175,346,1,175,346
3,0.5465517201241088,175,347,1,175,347
3,0.5465517201241088,175,348,1,175,348
3,0.5465517201241088,175,349,1,175,349
3,0.5465517201241088,175,350,1,175,350
3,0.5465517201241088,175,351,1,175,351
3,0.5465517201241088,175,352,1,175,352
3,0.5465517201241088,174,353,1,174,353
3,0.5465517201241088,174,354,1,174,354
3,0.5465517201241088,174,355,1,174,355
3,0.5465517201241088,174,356,1,174,356
3,0.5465517201241088,174,357,1,174,357
3,0.5465517201241088,174,358,1,174,358
3,0.5465517201241088,174,359,1,174,359
3,0.5465517201241088,174,360,1,174,360
3,0.5465517201241088,174,361,1,174,361
3,0.5465517201241088,173,362,1,173,362
3,0.5465517201241088,173,363,1,173,363
3,0.5465517201241088,173,364,1,173,364
3,0.5465517201241088,173,365,1,173,365
3,0.5465517201241088,173,366,1,173,366
3,0.5465517201241088,173,367,1,173,367
3,0.5465517201241088,173,368,1,173,368
3,0.5465517201241088,173,369,1,173,369
3,0.5465517201241088,173,370,1,173,370
3,0.5465517201241088,172,371,1,172,371
3,0.5465517201241088,172,372,1,172,372
3,0.5465517201241088,172,373,1,172,373
3,0.5465517201241088,172,374,1,172,374
3,0.5465517201241088,172,375,1,172,375
3,0.5465517201241088,172,376,1,172,376
3,0.5465517201241088,172,377,1,172,377
3,0.5465517201241088,172,378,1,172,378
3,0.5465517201241088,172,379,1,172,379
3,0.5465517201241088,172,380,1,172,380
3,0.5465517201241088,171,381,1,171,381
3,0.5465517201241088,171,382,1,171,382
3,0.5465517201241088,171,383,1,171,383
3,0.5465517201241088,171,384,1,171,384
3,0.5465517201241088,171,385,1,171,385
3,0.5465517201241088,171,386,1,171,386
3,0.5465517201241088,171,387,1,171,387
3,0.5465517201241088,171,388,1,171,388
3,0.5465517201241088,171,389,1,171,389
3,0.5465517201241088,171,390,1,171,390
3,0.5465517201241088,171,391,1,171,391
3,0.5465517201241088,171,392,1,171,392
3,0.5465517201241088,171,393,1,171,393
3,0.5465517201241088,171,394,1,171,394
3,0.5465517201241088,170,395,1,170,395
3,0.5465517201241088,170,396,1,170,396
3,0.5465517201241088,170,397,1,170,397
3,0.5465517201241088,170,398,1,170,398
3,0.5465517201241088,170,399,1,170,399
3,0.5465517201241088,170,400,1,170,400
3,0.5465517201241088,170,401,1,170,401
3,0.5465517201241088,170,402,1,170,402
3,0.5465517201241088,170,403,1,170,403
3,0.5465517201241088,170,404,1,170,404
3,0.5465517201241088,170,405,1,170,405
3,0.5465517201241088,170,406,1,170,406
3,0.5465517201241088,170,407,1,170,407
3,0.5465517201241088,170,408,1,170,408
3,0.5465517201241088,170,409,1,170,409
3,0.5465517201241088,170,410,1,170,410
3,0.5465517201241088,170,411,1,170,411
3,0.5465517201241088,170,412,1,170,412
3,0.5465517201241088,170,413,1,170,413
3,0.5465517201241088,170,414,1,170,414
3,0.5465517201241088,170,415,1,170,415
3,0.5465517201241088,170,416,1,170,416
3,0.5465517201241088,170,417,1,170,417
3,0.5465517201241088,170,418,1,170,418
3,0.5465517201241088,170,419,1,170,419
3,0.5465517201241088,169,420,1,169,420
3,0.5465517201241088,169,421,1,169,421
3,0.5465517201241088,169,422,1,169,422
3,0.5465517201241088,169,423,1,169,423
3,0.5465517201241088,169,424,1,169,424
3,0.5465517201241088,169,425,1,169,425
3,0.5465517201241088,169,426,1,169,426
3,0.5465517201241088,169,427,1,169,427
3,0.5465517201241088,169,428,1,169,428
3,0.5465517201241088,169,429,1,169,429
3,0.5465517201241088,169,430,1,169,430
3,0.5465517201241088,169,431,1,169,431
3,0.5465517201241088,169,432,1,169,432
3,0.5465517201241088,169,433,1,169,433
3,0.5465517201241088,169,434,1,169,434
3,0.5465517201241088,169,435,1,169,435
3,0.5465517201241088,169,436,1,169,436
3,0.5465517201241088,169,437,1,169,437
3,0.5465517201241088,169,438,1,169,438
3,0.5465517201241088,169,439,1,169,439
3,0.5465517201241088,169,440,1,169,440
3,0.5465517201241088,169,441,1,169,441
3,0.5465517201241088,169,442,1,169,442
3,0.5465517201241088,169,443,1,169,443
3,0.5465517201241088,169,444,1,169,444
3,0.5465517201241088,169,445,1,169,445
3,0.5465517201241088,169,446,1,169,446
3,0.5465517201241088,169,447,1,169,447
3,0.5465517201241088,169,448,1,169,448
3,0.5465517201241088,169,449,1,169,449
3,0.5465517201241088,169,450,1,169,450
3,0.5465517201241088,169,451,1,169,451
3,0.5465517201241088,169,452,1,169,452
3,0.5465517201241088,169,453,1,169,453
3,0.5465517201241088,169,454,1,169,454
3,0.5465517201241088,169,455,1,169,455
3,0.5465517201241088,169,456,1,169,456
3,0.5465517201241088,169,457,1,169,457
3,0.5465517201241088,169,458,1,169,458
3,0.5465517201241088,169,459,1,169,459
3,0.5465517201241088,169,460,1,169,460
3,0.5465517201241088,169,461,1,169,461
3,0.5465517201241088,169,462,1,169,462
3,0.5465517201241088,169,463,1,169,463
3,0.5465517201241088,169,464,1,169,464
3,0.5465517201241088,169,465,1,169,465
3,0.5465517201241088,169,466,1,169,466
3,0.5465517201241088,169,467,1,169,467
3,0.5465517201241088,169,468,1,169,468
3,0.5465517201241088,169,469,1,169,469
3,0.5465517201241088,169,470,1,169,470
3,0.5465517201241088,169,471,1,169,471
3,0.5465517201241088,169,472,1,169,472
3,0.5465517201241088,169,473,1,169,473
3,0.5465517201241088,169,474,1,169,474
3,0.5465517201241088,169,475,1,169,475
3,0.5465517201241088,169,476,1,169,476
3,0.5465517201241088,169,477,1,169,477
3,0.5465517201241088,169,478,1,169,478
3,0.5465517201241088,169,479,1,169,479
3,0.5465517201241088,169,480,1,169,480
3,0.5465517201241088,169,481,1,169,481
3,0.5465517201241088,169,482,1,169,482
3,0.5465517201241088,169,483,1,169,483
3,0.5465517201241088,169,484,1,169,484
3,0.5465517201241088,169,485,1,169,485
3,0.5465517201241088,169,486,1,169,486
3,0.5465517201241088,169,487,1,169,487
3,0.5465517201241088,169,488,1,169,488
3,0.5465517201241088,169,489,1,169,489
3,0.5465517201241088,169,490,1,169,490
3,0.5465517201241088,169,491,1,169,491
3,0.5465517201241088,169,492,1,169,492
3,0.5465517201241088,169,493,1,169,493
3,0.5465517201241088,169,494,1,169,494
3,0.5465517201241088,169,495,1,169,495
3,0.5465517201241088,169,496,1,169,496
3,0.5465517201241088,169,497,1,169,497
3,0.5465517201241088,169,498,1,169,498
3,0.5465517201241088,169,499,1,169,499
4,0.5031953760633827,196,347,1,196,347
4,0.5031953760633827,197,347,1,197,347
4,0.5031953760633827,198,348,1,198,348
4,0.5031953760633827,199,348,1,199,348
4,0.5031953760633827,200,349,1,200,349
4,0.5031953760633827,201,349,1,201,349
4,0.5031953760633827,202,350,1,202,350
4,0.5031953760633827,203,350,1,203,350
4,0.5031953760633827,204,350,1,204,350
4,0.5031953760633827,205,351,1,205,351
4,0.5031953760633827,206,351,1,206,351
4,0.5031953760633827,207,352,1,207,352
4,0.5031953760633827,208,352,1,208,352
4,0.5031953760633827,209,352,1,209,352
4,0.5031953760633827,210,353,1,210,353
4,0.5031953760633827,211,353,1,211,353
4,0.5031953760633827,212,354,1,212,354
4,0.5031953760633827,213,354,1,213,354
4,0.5031953760633827,214,354,1,214,354
4,0.5031953760633827,215,355,1,215,355
4,0.5031953760633827,216,355,1,216,355
4,0.5031953760633827,217,356,1,217,356
4,0.5031953760633827,218,356,1,218,356
4,0.5031953760633827,219,356,1,219,356
4,0.5031953760633827,220,357,1,220,357
4,0.5031953760633827,221,357,1,221,357
4,0.5031953760633827,222,357,1,222,357
4,0.5031953760633827,223,358,1,223,358
4,0.5031953760633827,224,358,1,224,358
4,0.5031953760633827,225,358,1,225,358
4,0.5031953760633827,226,359,1,226,359
4,0.5031953760633827,227,359,1,227,359
4,0.5031953760633827,228,359,1,228,359
4,0.5031953760633827,229,359,1,229,359
4,0.5031953760633827,230,359,1,230,359
4,0.5031953760633827,231,360,1,231,360
4,0.5031953760633827,232,360,1,232,360
4,0.5031953760633827,233,360,1,233,360
4,0.5031953760633827,234,360,1,234,360
4,0.5031953760633827,235,360,1,235,360
4,0.5031953760633827,236,360,1,236,360
4,0.5031953760633827,237,360,1,237,360
4,0.5031953760633827,238,360,1,238,360
4,0.5031953760633827,239,360,1,239,360
4,0.5031953760633827,240,360,1,240,360
4,0.5031953760633827,241,360,1,241,360
4,0.5031953760633827,242,360,1,242,360
4,0.5031953760633827,243,360,1,243,360
4,0.5031953760633827,244,360,1,244,360
4,0.5031953760633827,245,360,1,245,360
4,0.5031953760633827,246,360,1,246,360
4,0.5031953760633827,247,360,1,247,360
4,0.5031953760633827,248,360,1,248,360
4,0.5031953760633827,249,360,1,249,360
4,0.5031953760633827,250,360,1,250,360
4,0.5031953760633827,251,360,1,251,360
4,0.5031953760633827,252,360,1,252,360
4,0.5031953760633827,253,360,1,253,360
5,0.5081237068635781,171,265,1,171,265
5,0.5081237068635781,172,266,1,172,266
5,0.5081237068635781,173,266,1,173,266
5,0.5081237068635781,174,267,1,174,267
5,0.5081237068635781,175,268,1,175,268
5,0.5081237068635781,176,268,1,176,268
5,0.5081237068635781,177,269,1,177,269
5,0.5081237068635781,178,270,1,178,270
5,0.5081237068635781,179,270,1,179,270
5,0.5081237068635781,180,271,1,180,271
5,0.5081237068635781,181,272,1,181,272
5,0.5081237068635781,182,272,1,182,272
5,0.5081237068635781,183,273,1,183,273
5,0.5081237068635781,184,274,1,184,274
5,0.5081237068635781,185,274,1,185,274
5,0.5081237068635781,186,275,1,186,275
5,0.5081237068635781,187,276,1,187,276
5,0.5081237068635781,188,277,1,188,277
5,0.5081237068635781,189,277,1,189,277
5,0.5081237068635781,190,278,1,190,278
5,0.5081237068635781,191,279,1,191,279
5,0.5081237068635781,192,279,1,192,279
5,0.5081237068635781,193,280,1,193,280
5,0.5081237068635781,194,281,1,194,281
5,0.5081237068635781,195,282,1,195,282
5,0.5081237068635781,196,283,1,196,283
5,0.5081237068635781,197,283,1,197,283
5,0.5081237068635781,198,284,1,198,284
5,0.5081237068635781,198,285,1,198,285
5,0.5081237068635781,199,286,1,199,286
5,0.5081237068635781,200,287,1,200,287
5,0.5081237068635781,200,288,1,200,288
5,0.5081237068635781,200,289,1,200,289
5,0.5081237068635781,201,290,1,201,290
5,0.5081237068635781,201,291,1,201,291
5,0.5081237068635781,201,292,1,201,292
5,0.5081237068635781,201,293,1,201,293
5,0.5081237068635781,201,294,1,201,294
5,0.5081237068635781,201,295,1,201,295
5,0.5081237068635781,201,296,1,201,296
5,0.5081237068635781,201,297,1,201,297
5,0.5081237068635781,201,298,1,201,298
5,0.5081237068635781,201,299,1,201,299
5,0.5081237068635781,201,300,1,201,300
6,0.5280709895347914,140,374,1,140,374
6,0.5280709895347914,141,375,1,141,375
6,0.5280709895347914,142,376,1,142,376
6,0.5280709895347914,143,377,1,143,377
6,0.5280709895347914,144,377,1,144,377
6,0.5280709895347914,145,378,1,145,378
6,0.5280709895347914,146,379,1,146,379
6,0.5280709895347914,147,380,1,147,380
6,0.5280709895347914,148,381,1,148,381
6,0.5280709895347914,149,382,1,149,382
6,0.5280709895347914,150,383,1,150,383
6,0.5280709895347914,151,383,1,151,383
6,0.5280709895347914,152,384,1,152,384
6,0.5280709895347914,153,385,1,153,385
6,0.5280709895347914,154,386,1,154,386
6,0.5280709895347914,155,387,1,155,387
6,0.5280709895347914,156,388,1,156,388
6,0.5280709895347914,157,389,1,157,389
6,0.5280709895347914,158,390,1,158,390
6,0.5280709895347914,159,390,1,159,390
6,0.5280709895347914,160,391,1,160,391
6,0.5280709895347914,161,392,1,161,392
6,0.5280709895347914,162,393,1,162,393
6,0.5280709895347914,163,394,1,163,394
6,0.5280709895347914,164,395,1,164,395
6,0.5280709895347914,165,396,1,165,396
6,0.5280709895347914,166,397,1,166,397
6,0.5280709895347914,167,398,1,167,398
6,0.5280709895347914,168,398,1,168,398
6,0.5280709895347914,169,399,1,169,399
6,0.5280709895347914,170,400,1,170,400
6,0.5280709895347914,171,401,1,171,401
6,0.5280709895347914,172,402,1,172,402
6,0.5280709895347914,173,403,1,173,403
6,0.5280709895347914,173,404,1,173,404
6,0.5280709895347914,174,405,1,174,405
6,0.5280709895347914,175,406,1,175,406
6,0.5280709895347914,176,407,1,176,407
6,0.5280709895347914,177,408,1,177,408
6,0.5280709895347914,178,409,1,178,409
6,0.5280709895347914,179,410,1,179,410
6,0.5280709895347914,180,411,1,180,411
6,0.5280709895347914,181,412,1,181,412
6,0.5280709895347914,182,413,1,182,413
6,0.5280709895347914,182,414,1,182,414
6,0.5280709895347914,183,415,1,183,415
6,0.5280709895347914,184,416,1,184,416
6,0.5280709895347914,185,417,1,185,417
6,0.5280709895347914,186,418,1,186,418
6,0.5280709895347914,187,419,1,187,419
7,0.5818965444638955,224,280,1,224,280
7,0.5818965444638955,224,281,1,224,281
7,0.5818965444638955,224,282,1,224,282
7,0.5818965444638955,224,283,1,224,283
7,0.5818965444638955,224,284,1,224,284
7,0.5818965444638955,224,285,1,224,285
7,0.5818965444638955,224,286,1,224,286
7,0.5818965444638955,224,287,1,224,287
7,0.5818965444638955,224,288,1,224,288
7,0.5818965444638955,223,289,1,223,289
7,0.5818965444638955,223,290,1,223,290
7,0.5818965444638955,223,291,1,223,291
7,0.5818965444638955,223,292,1,223,292
7,0.5818965444638955,223,293,1,223,293
7,0.5818965444638955,223,294,1,223,294
7,0.5818965444638955,223,295,1,223,295
7,0.5818965444638955,223,296,1,223,296
7,0.5818965444638955,223,297,1,223,297
7,0.5818965444638955,223,298,1,223,298
7,0.5818965444638955,223,299,1,223,299
7,0.5818965444638955,223,300,1,223,300
7,0.5818965444638955,223,301,1,223,301
7,0.5818965444638955,223,302,1,223,302
7,0.5818965444638955,223,303,1,223,303
7,0.5818965444638955,223,304,1,223,304
7,0.5818965444638955,223,305,1,223,305
7,0.5818965444638955,222,306,1,222,306
7,0.5818965444638955,222,307,1,222,307
7,0.5818965444638955,222,308,1,222,308
7,0.5818965444638955,222,309,1,222,309
7,0.5818965444638955,222,310,1,222,310
7,0.5818965444638955,222,311,1,222,311
7,0.5818965444638955,222,312,1,222,312
7,0.5818965444638955,222,313,1,222,313
7,0.5818965444638955,222,314,1,222,314
7,0.5818965444638955,222,315,1,222,315
7,0.5818965444638955,222,316,1,222,316
7,0.5818965444638955,222,317,1,222,317
7,0.5818965444638955,222,318,1,222,318
7,0.5818965444638955,222,319,1,222,319
7,0.5818965444638955,222,320,1,222,320
7,0.5818965444638955,222,321,1,222,321
7,0.5818965444638955,222,322,1,222,322
7,0.5818965444638955,221,323,1,221,323
7,0.5818965444638955,221,324,1,221,324
7,0.5818965444638955,221,325,1,221,325
7,0.5818965444638955,221,326,1,221,326
7,0.5818965444638955,221,327,1,221,327
7,0.5818965444638955,221,328,1,221,328
7,0.5818965444638955,221,329,1,221,329
7,0.5818965444638955,221,330,1,221,330
7,0.5818965444638955,221,331,1,221,331
7,0.5818965444638955,221,332,1,221,332
7,0.5818965444638955,221,333,1,221,333
7,0.5818965444638955,221,334,1,221,334
7,0.5818965444638955,221,335,1,221,335
7,0.5818965444638955,221,336,1,221,336
7,0.5818965444638955,221,337,1,221,337
7,0.5818965444638955,221,338,1,221,338
7,0.5818965444638955,221,339,1,221,339
7,0.5818965444638955,221,340,1,221,340
7,0.5818965444638955,220,341,1,220,341
7,0.5818965444638955,220,342,1,220,342
7,0.5818965444638955,220,343,1,220,343
7,0.5818965444638955,220,344,1,220,344
7,0.5818965444638955,220,345,1,220,345
7,0.5818965444638955,220,346,1,220,346
7,0.5818965444638955,220,347,1,220,347
7,0.5818965444638955,220,348,1,220,348
7,0.5818965444638955,220,349,1,220,349
7,0.5818965444638955,220,350,1,220,350
7,0.5818965444638955,220,351,1,220,351
7,0.5818965444638955,220,352,1,220,352
7,0.5818965444638955,220,353,1,220,353
7,0.5818965444638955,220,354,1,220,354
7,0.5818965444638955,220,355,1,220,355
7,0.5818965444638955,220,356,1,220,356
7,0.5818965444638955,220,357,1,220,357
7,0.5818965444638955,219,358,1,219,358
7,0.5818965444638955,219,359,1,219,359
7,0.5818965444638955,219,360,1,219,360
7,0.5818965444638955,219,361,1,219,361
7,0.5818965444638955,219,362,1,219,362
7,0.5818965444638955,219,363,1,219,363
7,0.5818965444638955,219,364,1,219,364
7,0.5818965444638955,219,365,1,219,365
7,0.5818965444638955,219,366,1,219,366
7,0.5818965444638955,219,367,1,219,367
7,0.5818965444638955,219,368,1,219,368
7,0.5818965444638955,219,369,1,219,369
7,0.5818965444638955,219,370,1,219,370
7,0.5818965444638955,219,371,1,219,371
7,0.5818965444638955,219,372,1,219,372
7,0.5818965444638955,219,373,1,219,373
7,0.5818965444638955,219,374,1,219,374
7,0.5818965444638955,219,375,1,219,375
7,0.5818965444638955,218,376,1,218,376
7,0.5818965444638955,218,377,1,218,377
7,0.5818965444638955,218,378,1,218,378
7,0.5818965444638955,218,379,1,218,379
7,0.5818965444638955,218,380,1,218,380
7,0.5818965444638955,218,381,1,218,381
7,0.5818965444638955,218,382,1,218,382
7,0.5818965444638955,218,383,1,218,383
7,0.5818965444638955,218,384,1,218,384
7,0.5818965444638955,218,385,1,218,385
7,0.5818965444638955,218,386,1,218,386
7,0.5818965444638955,218,387,1,218,387
7,0.5818965444638955,218,388,1,218,388
7,0.5818965444638955,218,389,1,218,389
7,0.5818965444638955,218,390,1,218,390
7,0.5818965444638955,218,391,1,218,391
7,0.5818965444638955,218,392,1,218,392
7,0.5818965444638955,218,393,1,218,393
7,0.5818965444638955,217,394,1,217,394
7,0.5818965444638955,217,395,1,217,395
7,0.5818965444638955,217,396,1,217,396
7,0.5818965444638955,217,397,1,217,397
7,0.5818965444638955,217,398,1,217,398
7,0.5818965444638955,217,399,1,217,399
7,0.5818965444638955,217,400,1,217,400
7,0.5818965444638955,217,401,1,217,401
7,0.5818965444638955,217,402,1,217,402
7,0.5818965444638955,217,403,1,217,403
7,0.5818965444638955,217,404,1,217,404
7,0.5818965444638955,217,405,1,217,405
7,0.5818965444638955,217,406,1,217,406
7,0.5818965444638955,217,407,1,217,407
7,0.5818965444638955,217,408,1,217,408
7,0.5818965444638955,217,409,1,217,409
7,0.5818965444638955,217,410,1,217,410
7,0.5818965444638955,217,411,1,217,411
7,0.5818965444638955,217,412,1,217,412
7,0.5818965444638955,217,413,1,217,413
7,0.5818965444638955,216,414,1,216,414
7,0.5818965444638955,216,415,1,216,415
7,0.5818965444638955,216,416,1,216,416
7,0.5818965444638955,216,417,1,216,417
7,0.5818965444638955,216,418,1,216,418
7,0.5818965444638955,216,419,1,216,419
7,0.5818965444638955,216,420,1,216,420
7,0.5818965444638955,216,421,1,216,421
7,0.5818965444638955,216,422,1,216,422
7,0.5818965444638955,216,423,1,216,423
7,0.5818965444638955,216,424,1,216,424
7,0.5818965444638955,216,425,1,216,425
7,0.5818965444638955,216,426,1,216,426
7,0.5818965444638955,216,427,1,216,427
7,0.5818965444638955,216,428,1,216,428
7,0.5818965444638955,216,429,1,216,429
7,0.5818965444638955,216,430,1,216,430
7,0.5818965444638955,216,431,1,216,431
7,0.5818965444638955,216,432,1,216,432
7,0.5818965444638955,216,433,1,216,433
7,0.5818965444638955,216,434,1,216,434
7,0.5818965444638955,216,435,1,216,435
7,0.5818965444638955,216,436,1,216,436
7,0.5818965444638955,216,437,1,216,437
7,0.5818965444638955,216,438,1,216,438
7,0.5818965444638955,216,439,1,216,439
7,0.5818965444638955,216,440,1,216,440
7,0.5818965444638955,216,441,1,216,441
7,0.5818965444638955,216,442,1,216,442
7,0.5818965444638955,215,443,1,215,443
7,0.5818965444638955,215,444,1,215,444
7,0.5818965444638955,215,445,1,215,445
7,0.5818965444638955,215,446,1,215,446
7,0.5818965444638955,215,447,1,215,447
7,0.5818965444638955,215,448,1,215,448
7,0.5818965444638955,215,449,1,215,449
7,0.5818965444638955,215,450,1,215,450
7,0.5818965444638955,215,451,1,215,451
7,0.5818965444638955,215,452,1,215,452
7,0.5818965444638955,215,453,1,215,453
7,0.5818965444638955,215,454,1,215,454
7,0.5818965444638955,215,455,1,215,455
7,0.5818965444638955,215,456,1,215,456
7,0.5818965444638955,215,457,1,215,457
7,0.5818965444638955,215,458,1,215,458
7,0.5818965444638955,215,459,1,215,459
7,0.5818965444638955,215,460,1,215,460
7,0.5818965444638955,215,461,1,215,461
7,0.5818965444638955,215,462,1,215,462
7,0.5818965444638955,215,463,1,215,463
7,0.5818965444638955,215,464,1,215,464
7,0.5818965444638955,215,465,1,215,465
7,0.5818965444638955,215,466,1,215,466
7,0.5818965444638955,215,467,1,215,467
7,0.5818965444638955,215,468,1,215,468
7,0.5818965444638955,215,469,1,215,469
7,0.5818965444638955,215,470,1,215,470
7,0.5818965444638955,215,471,1,215,471
7,0.5818965444638955,215,472,1,215,472
7,0.5818965444638955,215,473,1,215,473
7,0.5818965444638955,215,474,1,215,474
7,0.5818965444638955,215,475,1,215,475
7,0.5818965444638955,215,476,1,215,476
7,0.5818965444638955,215,477,1,215,477
7,0.5818965444638955,215,478,1,215,478
7,0.5818965444638955,215,479,1,215,479
7,0.5818965444638955,215,480,1,215,480
7,0.5818965444638955,215,481,1,215,481
7,0.5818965444638955,215,482,1,215,482
7,0.5818965444638955,215,483,1,215,483
7,0.5818965444638955,215,484,1,215,484
7,0.5818965444638955,215,485,1,215,485
7,0.5818965444638955,215,486,1,215,486
7,0.5818965444638955,215,487,1,215,487
7,0.5818965444638955,215,488,1,215,488
7,0.5818965444638955,215,489,1,215,489
7,0.5818965444638955,215,490,1,215,490
7,0.5818965444638955,215,491,1,215,491
7,0.5818965444638955,215,492,1,215,492
7,0.5818965444638955,215,493,1,215,493
7,0.5818965444638955,215,494,1,215,494
7,0.5818965444638955,215,495,1,215,495
7,0.5818965444638955,215,496,1,215,496
7,0.5818965444638955,215,497,1,215,497
7,0.5818965444638955,215,498,1,215,498
7,0.5818965444638955,215,499,1,215,499
8,0.5019687202105187,185,299,1,185,299
8,0.5019687202105187,185,300,1,185,300
8,0.5019687202105187,184,301,1,184,301
8,0.5019687202105187,184,302,1,184,302
8,0.5019687202105187,183,303,1,183,303
8,0.5019687202105187,183,304,1,183,304
8,0.5019687202105187,182,305,1,182,305
8,0.5019687202105187,182,306,1,182,306
8,0.5019687202105187,181,307,1,181,307
8,0.5019687202105187,181,308,1,181,308
8,0.5019687202105187,180,309,1,180,309
8,0.5019687202105187,180,310,1,180,310
8,0.5019687202105187,179,311,1,179,311
8,0.5019687202105187,179,312,1,179,312
8,0.5019687202105187,179,313,1,179,313
8,0.5019687202105187,178,314,1,178,314
8,0.5019687202105187,178,315,1,178,315
8,0.5019687202105187,177,316,1,177,316
8,0.5019687202105187,177,317,1,177,317
8,0.5019687202105187,176,318,1,176,318
8,0.5019687202105187,176,319,1,176,319
8,0.5019687202105187,175,320,1,175,320
8,0.5019687202105187,175,321,1,175,321
8,0.5019687202105187,174,322,1,174,322
8,0.5019687202105187,174,323,1,174,323
8,0.5019687202105187,173,324,1,173,324
8,0.5019687202105187,172,325,1,172,325
8,0.5019687202105187,172,326,1,172,326
8,0.5019687202105187,171,327,1,171,327
8,0.5019687202105187,171,328,1,171,328
8,0.5019687202105187,170,329,1,170,329
8,0.5019687202105187,169,330,1,169,330
8,0.5019687202105187,168,331,1,168,331
8,0.5019687202105187,167,332,1,167,332
8,0.5019687202105187,166,332,1,166,332
8,0.5019687202105187,165,333,1,165,333
8,0.5019687202105187,164,333,1,164,333
8,0.5019687202105187,163,334,1,163,334
8,0.5019687202105187,162,334,1,162,334
8,0.5019687202105187,161,334,1,161,334
8,0.5019687202105187,160,334,1,160,334
8,0.5019687202105187,159,334,1,159,334
8,0.5019687202105187,158,334,1,158,334
8,0.5019687202105187,157,334,1,157,334
8,0.5019687202105187,156,335,1,156,335
8,0.5019687202105187,155,335,1,155,335
8,0.5019687202105187,154,335,1,154,335
8,0.5019687202105187,153,335,1,153,335
8,0.5019687202105187,152,335,1,152,335
8,0.5019687202105187,151,335,1,151,335
8,0.5019687202105187,150,335,1,150,335
8,0.5019687202105187,149,335,1,149,335
8,0.5019687202105187,148,335,1,148,335
9,0.5469481787247897,126,499,1,126,499
9,0.5469481787247897,127,499,1,127,499
9,0.5469481787247897,128,498,1,128,498
9,0.5469481787247897,129,498,1,129,498
9,0.5469481787247897,130,497,1,130,497
9,0.5469481787247897,131,496,1,131,496
9,0.5469481787247897,132,496,1,132,496
9,0.5469481787247897,133,495,1,133,495
9,0.5469481787247897,134,494,1,134,494
9,0.5469481787247897,135,494,1,135,494
9,0.5469481787247897,136,493,1,136,493
9,0.5469481787247897,137,493,1,137,493
9,0.5469481787247897,138,492,1,138,492
9,0.5469481787247897,139,491,1,139,491
9,0.5469481787247897,140,491,1,140,491
9,0.5469481787247897,141,490,1,141,490
9,0.5469481787247897,142,490,1,142,490
9,0.5469481787247897,143,489,1,143,489
9,0.5469481787247897,144,488,1,144,488
9,0.5469481787247897,145,488,1,145,488
9,0.5469481787247897,146,487,1,146,487
9,0.5469481787247897,147,486,1,147,486
9,0.5469481787247897,148,486,1,148,486
9,0.5469481787247897,149,485,1,149,485
9,0.5469481787247897,150,484,1,150,484
9,0.5469481787247897,151,484,1,151,484
9,0.5469481787247897,152,483,1,152,483
9,0.5469481787247897,153,482,1,153,482
9,0.5469481787247897,154,482,1,154,482
9,0.5469481787247897,155,481,1,155,481
9,0.5469481787247897,156,480,1,156,480
9,0.5469481787247897,157,479,1,157,479
9,0.5469481787247897,158,479,1,158,479
9,0.5469481787247897,159,478,1,159,478
9,0.5469481787247897,160,477,1,160,477
9,0.5469481787247897,161,476,1,161,476
9,0.5469481787247897,162,475,1,162,475
9,0.5469481787247897,163,474,1,163,474
9,0.5469481787247897,164,473,1,164,473
9,0.5469481787247897,164,472,1,164,472
9,0.5469481787247897,165,471,1,165,471
9,0.5469481787247897,166,470,1,166,470
9,0.5469481787247897,166,469,1,166,469
9,0.5469481787247897,166,468,1,166,468
9,0.5469481787247897,167,467,1,167,467
9,0.5469481787247897,167,466,1,167,466
9,0.5469481787247897,167,465,1,167,465
9,0.5469481787247897,168,464,1,168,464
9,0.5469481787247897,168,463,1,168,463
9,0.5469481787247897,168,462,1,168,462
9,0.5469481787247897,168,461,1,168,461
9,0.5469481787247897,168,460,1,168,460
9,0.5469481787247897,169,459,1,169,459
9,0.5469481787247897,169,458,1,169,458
9,0.5469481787247897,169,457,1,169,457
9,0.5469481787247897,169,456,1,169,456
9,0.5469481787247897,169,455,1,169,455
9,0.5469481787247897,169,454,1,169,454
9,0.5469481787247897,169,453,1,169,453
9,0.5469481787247897,170,452,1,170,452
9,0.5469481787247897,170,451,1,170,451
9,0.5469481787247897,170,450,1,170,450
9,0.5469481787247897,170,449,1,170,449
9,0.5469481787247897,170,448,1,170,448
9,0.5469481787247897,170,447,1,170,447
9,0.5469481787247897,170,446,1,170,446
9,0.5469481787247897,170,445,1,170,445
9,0.5469481787247897,170,444,1,170,444
9,0.5469481787247897,170,443,1,170,443
9,0.5469481787247897,171,442,1,171,442
9,0.5469481787247897,171,441,1,171,441
9,0.5469481787247897,171,440,1,171,440
9,0.5469481787247897,171,439,1,171,439
9,0.5469481787247897,171,438,1,171,438
9,0.5469481787247897,171,437,1,171,437
